{
	"credit": "Made with Blockbench",
	"texture_size": [64, 64],
	"textures": {
		"0": "infusion_altar",
		"particle": "infusion_altar"
	},
	"elements": [
		{
			"from": [0, 0, 0],
			"to": [16, 1, 16],
			"faces": {
				"north": {"uv": [8, 15.75, 12, 16], "texture": "#0"},
				"east": {"uv": [8, 15.75, 12, 16], "texture": "#0"},
				"south": {"uv": [8, 15.75, 12, 16], "texture": "#0"},
				"west": {"uv": [8, 16, 12, 15.75], "texture": "#0"},
				"up": {"uv": [12, 8, 16, 12], "texture": "#0"},
				"down": {"uv": [12, 12, 16, 16], "texture": "#0"}
			}
		},
		{
			"from": [1, 1, 1],
			"to": [15, 2, 15],
			"faces": {
				"north": {"uv": [8.25, 15.75, 11.75, 16], "texture": "#0"},
				"east": {"uv": [8.25, 15.75, 11.75, 16], "texture": "#0"},
				"south": {"uv": [8.25, 15.75, 11.75, 16], "texture": "#0"},
				"west": {"uv": [8.25, 15.75, 11.75, 16], "texture": "#0"},
				"up": {"uv": [12.25, 12.25, 15.75, 15.75], "texture": "#0"},
				"down": {"uv": [12.25, 12.25, 15.75, 15.75], "texture": "#0"}
			}
		},
		{
			"from": [2, 2, 2],
			"to": [14, 3, 14],
			"faces": {
				"north": {"uv": [8.5, 15.75, 11.5, 16], "texture": "#0"},
				"east": {"uv": [8.5, 15.75, 11.5, 16], "texture": "#0"},
				"south": {"uv": [8.5, 15.75, 11.5, 16], "texture": "#0"},
				"west": {"uv": [8.5, 15.75, 11.5, 16], "texture": "#0"},
				"up": {"uv": [12.5, 12.5, 15.5, 15.5], "texture": "#0"},
				"down": {"uv": [12.5, 12.5, 15.5, 15.5], "texture": "#0"}
			}
		},
		{
			"from": [3, 3, 3],
			"to": [13, 5, 13],
			"faces": {
				"north": {"uv": [12.75, 15.5, 15.25, 16], "texture": "#0"},
				"east": {"uv": [12.75, 15.5, 15.25, 16], "texture": "#0"},
				"south": {"uv": [12.75, 15.5, 15.25, 16], "texture": "#0"},
				"west": {"uv": [12.75, 15.5, 15.25, 16], "texture": "#0"},
				"up": {"uv": [12.75, 8.75, 15.25, 11.25], "texture": "#0"},
				"down": {"uv": [12.75, 8.75, 15.25, 11.25], "texture": "#0"}
			}
		},
		{
			"from": [5, 5, 5],
			"to": [6, 9, 6],
			"faces": {
				"north": {"uv": [0, 1, 0.25, 2], "texture": "#0"},
				"east": {"uv": [0, 1, 0.25, 2], "texture": "#0"},
				"south": {"uv": [0, 1, 0.25, 2], "texture": "#0"},
				"west": {"uv": [0, 1, 0.25, 2], "texture": "#0"},
				"up": {"uv": [0, 15.75, 0.25, 16], "texture": "#0"},
				"down": {"uv": [0, 15.75, 0.25, 16], "texture": "#0"}
			}
		},
		{
			"from": [10, 5, 5],
			"to": [11, 9, 6],
			"faces": {
				"north": {"uv": [0, 1, 0.25, 2], "texture": "#0"},
				"east": {"uv": [0, 1, 0.25, 2], "texture": "#0"},
				"south": {"uv": [0, 1, 0.25, 2], "texture": "#0"},
				"west": {"uv": [0, 1, 0.25, 2], "texture": "#0"},
				"up": {"uv": [0, 15.75, 0.25, 16], "texture": "#0"},
				"down": {"uv": [0, 15.75, 0.25, 16], "texture": "#0"}
			}
		},
		{
			"from": [10, 5, 10],
			"to": [11, 9, 11],
			"faces": {
				"north": {"uv": [0, 1, 0.25, 2], "texture": "#0"},
				"east": {"uv": [0, 1, 0.25, 2], "texture": "#0"},
				"south": {"uv": [0, 1, 0.25, 2], "texture": "#0"},
				"west": {"uv": [0, 1, 0.25, 2], "texture": "#0"},
				"up": {"uv": [0, 15.75, 0.25, 16], "texture": "#0"},
				"down": {"uv": [0, 15.75, 0.25, 16], "texture": "#0"}
			}
		},
		{
			"from": [5, 5, 10],
			"to": [6, 9, 11],
			"faces": {
				"north": {"uv": [0, 1, 0.25, 2], "texture": "#0"},
				"east": {"uv": [0, 1, 0.25, 2], "texture": "#0"},
				"south": {"uv": [0, 1, 0.25, 2], "texture": "#0"},
				"west": {"uv": [0, 1, 0.25, 2], "texture": "#0"},
				"up": {"uv": [0, 15.75, 0.25, 16], "texture": "#0"},
				"down": {"uv": [0, 15.75, 0.25, 16], "texture": "#0"}
			}
		},
		{
			"from": [6, 5, 6],
			"to": [10, 9, 10],
			"faces": {
				"north": {"uv": [15, 0, 16, 1], "texture": "#0"},
				"east": {"uv": [15, 0, 16, 1], "texture": "#0"},
				"south": {"uv": [15, 0, 16, 1], "texture": "#0"},
				"west": {"uv": [15, 0, 16, 1], "texture": "#0"},
				"up": {"uv": [15, 0, 16, 1], "texture": "#0"},
				"down": {"uv": [15, 0, 16, 1], "texture": "#0"}
			}
		},
		{
			"from": [3, 9, 3],
			"to": [13, 10, 13],
			"faces": {
				"north": {"uv": [8.75, 15.75, 11.25, 16], "texture": "#0"},
				"east": {"uv": [8.75, 15.75, 11.25, 16], "texture": "#0"},
				"south": {"uv": [8.75, 15.75, 11.25, 16], "texture": "#0"},
				"west": {"uv": [8.75, 15.75, 11.25, 16], "texture": "#0"},
				"up": {"uv": [12.75, 12.75, 15.25, 15.25], "texture": "#0"},
				"down": {"uv": [12.75, 12.75, 15.25, 15.25], "texture": "#0"}
			}
		},
		{
			"from": [1, 2, 1],
			"to": [2, 10, 2],
			"faces": {
				"north": {"uv": [0, 0, 0.25, 2], "texture": "#0"},
				"east": {"uv": [0.25, 0, 0.5, 2], "texture": "#0"},
				"south": {"uv": [0.5, 0, 0.75, 2], "texture": "#0"},
				"west": {"uv": [0.75, 0, 1, 2], "texture": "#0"},
				"up": {"uv": [0.25, 16, 0, 15.75], "texture": "#0"},
				"down": {"uv": [0.25, 15.75, 0, 16], "texture": "#0"}
			}
		},
		{
			"from": [1, 2, 14],
			"to": [2, 10, 15],
			"faces": {
				"north": {"uv": [0, 0, 0.25, 2], "texture": "#0"},
				"east": {"uv": [0.25, 0, 0.5, 2], "texture": "#0"},
				"south": {"uv": [0.5, 0, 0.75, 2], "texture": "#0"},
				"west": {"uv": [0.75, 0, 1, 2], "texture": "#0"},
				"up": {"uv": [0, 15.75, 0.25, 16], "texture": "#0"},
				"down": {"uv": [0, 15.75, 0.25, 16], "texture": "#0"}
			}
		},
		{
			"from": [14, 2, 14],
			"to": [15, 10, 15],
			"faces": {
				"north": {"uv": [0, 0, 0.25, 2], "texture": "#0"},
				"east": {"uv": [0.25, 0, 0.5, 2], "texture": "#0"},
				"south": {"uv": [0.5, 0, 0.75, 2], "texture": "#0"},
				"west": {"uv": [0.75, 0, 1, 2], "texture": "#0"},
				"up": {"uv": [0, 15.75, 0.25, 16], "texture": "#0"},
				"down": {"uv": [0, 15.75, 0.25, 16], "texture": "#0"}
			}
		},
		{
			"from": [14, 2, 1],
			"to": [15, 10, 2],
			"faces": {
				"north": {"uv": [0, 0, 0.25, 2], "texture": "#0"},
				"east": {"uv": [0.25, 0, 0.5, 2], "texture": "#0"},
				"south": {"uv": [0.5, 0, 0.75, 2], "texture": "#0"},
				"west": {"uv": [0.75, 0, 1, 2], "texture": "#0"},
				"up": {"uv": [0, 15.75, 0.25, 16], "texture": "#0"},
				"down": {"uv": [0, 15.75, 0.25, 16], "texture": "#0"}
			}
		},
		{
			"from": [0, 10, 0],
			"to": [16, 11, 16],
			"faces": {
				"north": {"uv": [8, 15.75, 12, 16], "texture": "#0"},
				"east": {"uv": [8, 15.75, 12, 16], "texture": "#0"},
				"south": {"uv": [8, 15.75, 12, 16], "texture": "#0"},
				"west": {"uv": [8, 15.75, 12, 16], "texture": "#0"},
				"up": {"uv": [12, 8, 16, 12], "texture": "#0"},
				"down": {"uv": [12, 12, 16, 16], "texture": "#0"}
			}
		},
		{
			"from": [1, 11, 1],
			"to": [15, 12, 15],
			"faces": {
				"north": {"uv": [8.25, 15.75, 11.75, 16], "texture": "#0"},
				"east": {"uv": [8.25, 15.75, 11.75, 16], "texture": "#0"},
				"south": {"uv": [8.25, 15.75, 11.75, 16], "texture": "#0"},
				"west": {"uv": [8.25, 15.75, 11.75, 16], "texture": "#0"},
				"up": {"uv": [12.25, 8.25, 15.75, 11.75], "texture": "#0"},
				"down": {"uv": [12.25, 12.25, 15.75, 15.75], "texture": "#0"}
			}
		}
	],
	"display": {}
}