{
  "_fv": 34,
  "_type": "gui",
  "definition": {
    "type": 1,
    "width": 176,
    "height": 225,
    "inventoryOffsetX": 0,
    "inventoryOffsetY": 29,
    "renderBgLayer": true,
    "doesPauseGame": false,
    "components": [
      {
        "type": "inputslot",
        "data": {
          "inputLimit": {
            "value": ""
          },
          "id": 0,
          "disableStackInteraction": false,
          "dropItemsWhenNotBound": true,
          "name": "Slot #0",
          "x": 150,
          "y": 41
        }
      },
      {
        "type": "inputslot",
        "data": {
          "inputLimit": {
            "value": ""
          },
          "id": 1,
          "disableStackInteraction": false,
          "dropItemsWhenNotBound": true,
          "name": "Slot #1",
          "x": 258,
          "y": 41
        }
      },
      {
        "type": "inputslot",
        "data": {
          "inputLimit": {
            "value": ""
          },
          "id": 2,
          "disableStackInteraction": false,
          "dropItemsWhenNotBound": true,
          "name": "Slot #2",
          "x": 150,
          "y": 95
        }
      },
      {
        "type": "inputslot",
        "data": {
          "inputLimit": {
            "value": ""
          },
          "id": 3,
          "disableStackInteraction": false,
          "dropItemsWhenNotBound": true,
          "name": "Slot #3",
          "x": 258,
          "y": 95
        }
      },
      {
        "type": "button",
        "data": {
          "text": "Infuse",
          "width": 56,
          "height": 20,
          "name": "Infuse",
          "x": 186,
          "y": 122
        }
      },
      {
        "type": "label",
        "data": {
          "text": "Infusion Altar",
          "color": {
            "value": -12829636,
            "falpha": 0.0
          },
          "name": "Infusion Altar",
          "x": 132,
          "y": 14
        }
      },
      {
        "type": "image",
        "data": {
          "image": "output_slot.png",
          "use1Xscale": false,
          "name": "output_slot.png",
          "x": 200,
          "y": 86
        }
      },
      {
        "type": "outputslot",
        "data": {
          "id": 4,
          "disableStackInteraction": false,
          "dropItemsWhenNotBound": true,
          "name": "Slot #4",
          "x": 204,
          "y": 90
        }
      },
      {
        "type": "inputslot",
        "data": {
          "inputLimit": {
            "value": ""
          },
          "id": 5,
          "disableStackInteraction": false,
          "dropItemsWhenNotBound": true,
          "name": "Slot #5",
          "x": 204,
          "y": 41
        }
      }
    ],
    "gridSettings": {
      "sx": 18,
      "sy": 18,
      "ox": 29,
      "oy": 9,
      "snapOnGrid": false
    }
  }
}